Distance,Angle
83.48652585896721,-173.81138403675843
83.2946576918352,175.17923392190735
83.74365647617735,-168.2875276889125
82.60750571225353,-173.0470425318261
82.38931969618392,174.4278021960362
83.18653737234169,170.3112134396332
83.93449827097318,-164.80475147318012
82.97590011563598,-167.47119229084848
82.37718130647589,169.5085229876684
83.19855767980596,166.79891282429443
83.81527307120105,-162.6459753637387
83.24061508662703,-163.96005669395035
80.15609770940699,-176.42366562500266
80.15609770940699,176.42366562500266
82.46211251235322,165.96375653207352
83.24061508662703,163.96005669395035
84.15461959987698,-159.8423891054552
83.16850365372699,-161.78290480217515
80.06247560499239,-170.6553280979003
79.22752047110903,-175.65676004831062
79.22752047110903,175.65676004831062
79.90619500389191,171.36286858492923
82.56512580987206,163.10135130596177
83.16850365372699,161.78290480217515
83.93449827097318,-158.32535088097586
83.57032966310472,-158.96248897457818
80.049984384758,-167.0053832080835
79.2464510246358,-169.8244891569568
79.07591289387686,170.53767779197437
79.83107164506812,167.70473357700186
82.54089895318563,160.9065079995144
83.21658488546619,159.6051239179516
84.17244204607586,-156.17573941710458
83.38465086573187,-157.43299092212538
79.81227975693966,-164.74488129694222
79.30952023559341,-166.13897243697886
79.07591289387686,166.8424572599852
79.81227975693966,164.74488129694222
82.63776376451628,158.7135948863409
83.00602387778854,158.07041224982464
84.09518416651456,-154.65382405805332
83.6719785830358,-155.27268561330987
80.00624975587844,-161.79151552941917
79.12016177940993,-163.85566121971652
76.6550715869472,-172.50414236027015
76.4198926981712,173.99099404250546
79.12016177940993,163.85566121971652
79.6994353806851,162.47443162627712
82.46211251235322,157.16634582208246
83.2586331859946,155.89776549883888
84.07734534343957,-153.13018691250096
83.6301381082203,-153.74134044519272
79.71198153351854,-160.20112364547506
79.37883848986453,-160.88027367006885
76.90253571892151,-167.22875743509857
75.8023746329889,-171.6561084159669
75.53806987208503,173.15722658736905
76.2954782408499,169.4264765814391
79.05694150420949,161.565051177078
79.71198153351854,160.20112364547506
82.76472678623425,154.9831065219
83.19254774317228,154.3589941756947
84.11896337925236,-151.60698057861703
83.64807230295268,-152.2095575205479
79.84985911070852,-157.93210043758978
79.12016177940993,-159.27444113443946
76.92203845452875,-164.156917882313
76.15773105863909,-166.32869286780416
74.02702209328699,-178.45184230102205
74.0,180.0
75.50496672405067,168.5412476541228
76.40026177965623,165.59997869320895
79.12016177940993,159.27444113443946
79.47955712005447,158.60018986791778
82.73451516749222,153.434948822922
83.18653737234169,152.8188889145228
84.21995013059554,-150.08635400846512
83.72574275573791,-150.67952412241925
79.7057087039567,-156.32946151527955
79.30952023559341,-156.99112991717712
77.1621668954417,-161.09542415738835
76.24303246854758,-163.2287761813696
73.43704787094863,-173.74596725608353
73.06161783043132,-177.6467031338917
73.00684899377592,179.2151753970081
73.68174807915459,172.1998121158183
75.69015788066504,164.6784899251352
76.24303246854758,163.2287761813696
78.92401408950256,157.65935204000587
79.7057087039567,156.32946151527955
82.76472678623425,151.88679112394405
83.24061508662703,151.2796732021305
84.38009243891595,-148.5704343851615
83.86298349093002,-149.1534125878514
79.62411694957753,-154.72227776444706
79.20227269466452,-155.3764352138364
77.25283166331187,-158.74949449286677
76.55063683601855,-160.14478563067897
73.16419889536138,-169.7651972365768
72.69112738154499,-172.09283729704154
72.56031973468694,-172.8749836510982
72.3394774656273,-174.4470289669632
72.02777242147643,-178.40885972880542
72.0,180.0
72.56031973468694,172.8749836510982
72.83543093852057,171.31364541876334
75.58438992278762,162.28420729362307
76.21679604916491,160.85186254206042
79.20227269466452,155.3764352138364
79.62411694957753,154.72227776444706
82.365041127896,150.94539590092285
84.59905436823747,-147.0613094570445
84.05950273467003,-147.63336193527502
79.60527620704548,-153.1130658075233
79.1580697086532,-153.75865034784223
77.07788269017254,-157.09423034158283
76.69419795525604,-157.78240573048168
72.78049189171504,-167.30041551040264
72.3671196055225,-168.8453402610717
71.56814934033156,-172.77568430595468
71.449282711585,-173.57125225117014
71.7007670809734,171.98290692634467
75.61084578286372,159.8874117109245
76.32168761236873,158.47739989209293
79.1580697086532,153.75865034784223
79.60527620704548,153.1130658075233
81.98780397107853,149.995079129176
83.00602387778854,148.79948539601938
79.64923100695951,-151.50436138175502
79.17701686727027,-152.14034930475773
77.38862965578342,-154.7594707352132
76.55716818169282,-156.11350007836526
72.03471385380801,-166.349580865243
70.00714249274856,-179.18154453831139
70.00714249274856,179.18154453831139
75.76938695805846,157.4964715002326
76.15773105863909,156.80140948635182
79.17701686727027,152.14034930475773
80.1311425102625,150.8759465052226
82.15229759416349,148.43818815835064
84.62860036654276,-144.61972779969884
84.0535543567314,-145.1755108430432
79.75587752636166,-149.8986954344003
79.25906888173743,-150.52411099675425
77.3692445355388,-153.10376303450664
76.92203845452875,-153.7680600668434
71.06335201775947,-166.15930450834438
69.1158447825099,-176.68221883166518
69.02897942168927,-178.33971763101718
69.02897942168927,178.33971763101718
69.87131027825369,170.94211187138234
75.64390259630977,155.80679101271124
76.05918747922567,155.1196331408183
79.75587752636166,149.8986954344003
81.83520025025906,147.47510971220896
82.92767933567175,146.30993247402023
79.92496481075234,-148.2985703304943
79.40403012442127,-148.91249467652003
77.41446893184762,-151.44860812703982
76.94153624668537,-152.10272896905238
69.85699678629192,-166.75948008481282
69.42621983083913,-168.36636600105956
68.59300255857006,-172.4605548604907
68.18357573492314,-175.79464299829144
69.05070600652827,169.9920201985587
69.85699678629192,166.75948008481282
70.8801805866774,163.61045966596524
72.11102550927978,160.55996517182382
72.80109889280519,159.07549825507886
75.58438992278762,154.1129737336733
76.02631123499285,153.434948822922
78.89233169326408,149.53445508054014
79.92496481075234,148.2985703304943
82.09750300709517,145.92280471986928
77.52418977325722,-149.79676224505735
77.02596964660685,-150.43964553531927
74.24957912338628,-154.47030200946696
69.92138442565336,-163.37924308610795
69.3757882838098,-164.96218409641776
68.4470598345904,-168.19756579221647
67.47592163134935,-173.1909498203866
69.12307863514182,165.76271953423893
69.6419413859206,164.1676133795778
70.21395872616783,162.59729586864373
70.83784299369935,161.05349531049094
72.2357252334328,158.05130091647302
72.61542535852834,157.3194403929751
75.59100475585703,152.41797079220285
76.05918747922567,151.7502645050257
79.61155694998057,147.30801581742793
81.8413098624405,144.9506266879516
83.00602387778854,143.82037955202108
84.64632301523794,-141.23448009554124
84.02380615040002,-141.76617482255307
79.88116173416608,-145.71312302279105
79.32212806020776,-146.30993247402023
74.24284477308234,-152.74467162505695
73.79024325749306,-153.434948822922
72.91776189653656,-154.84069808396833
69.8927750200262,-160.78732818281438
69.26037828369117,-162.34987578006988
68.15423684555495,-165.55596427550776
67.26812023536856,-168.85711014166068
66.18912297349165,-175.6676860168115
68.96375859826666,163.14160123226173
72.09022125087424,156.2796044276954
75.66372975210778,150.72474572274743
76.15773105863909,150.06848815949223
78.77182237323191,146.91514707126504
79.88116173416608,145.71312302279105
77.38862965578342,-147.1313210666325
76.8505042273634,-147.75753216087668
74.30343195303969,-151.02029230207123
73.824115301167,-151.69924423399362
72.89718787443039,-153.08344538304866
72.44998274671983,-153.78862198216848
70.00714249274856,-158.19859051364818
69.28924880528002,-159.7343025290525
67.1863081289633,-165.34324888423959
66.2872536767062,-168.6900675259798
65.12296062065974,-176.4785466230778
71.17583859709698,155.9557767306322
75.29276193632427,149.68878677331838
79.63039620647382,144.7132510249403
81.40024569987489,142.9893267663969
77.6659513557904,-145.4914770123316
77.10382610480494,-146.1038334366361
73.92563831310488,-149.96671956400488
72.94518489934754,-151.326853510565
72.47068372797375,-152.02052561151984
69.85699678629192,-156.3706222693432
69.46221994724903,-157.12633480937328
65.96969000988257,-165.96375653207352
65.11528238439882,-169.38034472384487
64.4980619863884,-172.8749836510982
69.85699678629192,156.3706222693432
74.94664769020693,148.64291477599005
76.00657866263946,147.35535986508353
78.81624198095213,144.2933085993971
80.60397012554654,142.56142842766695
81.21576201698781,142.00126755749537
83.09632964216891,140.37099469553573
79.81227975693966,-142.12501634890182
79.20227269466452,-142.6960517220166
72.56031973468694,-150.25511870305778
69.77822009767804,-154.5366549381284
69.35416353759881,-155.2825590889166
65.0,-165.7499673021964
63.387695966961914,-173.6598082540901
68.94200461257273,156.03751102542182
75.16648189186454,146.94417718844633
80.43009387039157,141.56269850893747
77.80102827083971,-142.83552510648855
77.20103626247513,-143.4269690214807
69.77105417004964,-152.7004277886672
69.31810730249349,-153.434948822922
63.788713735268246,-166.39945748334125
63.150613615387776,-169.04593735660166
65.14598989960932,162.12130340415865
67.62396025078685,156.467651439099
74.88658090739622,145.88552705465875
76.02631123499285,144.63753811293097
81.5659242576212,139.47489650624613
84.86459803710851,-135.95484125387222
84.17244204607586,-136.44412553093585
69.83552104767315,-150.86570780277384
69.35416353759881,-151.58733855692742
61.98386886924694,-169.7778313663639
63.89053137985315,162.69947280805502
68.8839603971781,152.31893843151474
69.35416353759881,151.58733855692742
72.94518489934754,146.74563342528796
75.21303078589507,144.1966558916289
78.87331614684399,140.6594818401625
80.8084154033477,139.01417569541104
69.9714227381436,-149.03624346792648
69.46221994724903,-149.74356283647072
61.84658438426491,-165.96375653207352
65.79513659838392,155.77225468204585
67.53517601961218,152.67610869865345
68.96375859826666,150.46121774044192
71.56116265125938,146.97613244420336
72.67048919609665,145.6539025999385
75.0,143.13010235415598
76.21679604916491,141.92721812600917
79.30952023559341,-138.0664855011259
70.178344238091,-147.21571913413086
69.6419413859206,-147.90740867126584
60.63827174318213,-166.65127288671263
61.98386886924694,162.14968169778317
64.47480127925948,156.21796957677864
66.64833081180653,152.28149837181664
68.09552114493287,150.0463918321985
68.60029154456998,149.32271997820354
70.7248188403477,146.5346206536447
71.84705978674423,145.20397372173167
84.8999411071645,-133.09084756700364
79.93122043357026,-136.5207696611438
79.2464510246358,-137.04540848888723
77.89736837660179,-138.12213046211573
77.23341245859851,-138.67449952082967
70.45565981523414,-145.40771131249005
69.8927750200262,-146.08256946302967
60.728905802755904,162.75854060106005
62.39390995922599,158.3691131634821
63.56099432828282,155.85445803957836
65.29931086925804,152.65012421993012
68.26419266350405,148.17255342332692
69.8927750200262,146.08256946302967
70.45565981523414,145.40771131249005
74.65252842335616,140.98059952476345
84.21995013059554,-132.5940294833547
77.83315488916018,-137.0825652797309
70.21395872616783,-144.2726017772003
58.05170109479997,-169.07719528013072
61.09828148156051,158.89516141507036
69.63476143421474,144.94057303311303
72.00694410957877,142.3343788014167
73.87827826905551,140.49232455712746
72.47068372797375,-140.5993393365206
71.21797525905943,-141.84277341263095
68.81860213634101,-144.46232220802563
56.88585061331157,-169.8753283446022
58.82176467941097,162.18111108547723
60.92618484691127,156.80140948635182
63.52952069707436,151.82140989004085
70.60453243241541,142.48088617952368
73.0,-138.88790956083307
72.34638899074369,-139.48460600954465
69.81403870282824,-141.9810574068298
68.00735254367721,-143.9726266148964
56.753854494650845,-165.7189042640292
57.56735185849702,162.82409638425327
59.23681287847955,158.19859051364818
60.00833275470999,156.42529379808738
62.177166226839255,152.19854122006586
68.00735254367721,143.9726266148964
69.81403870282824,141.9810574068298
73.66138744281159,138.30186567443502
79.98124780221924,-132.46644111160543
69.02897942168927,-141.4698199851732
67.20119046564577,-143.47114463301483
55.54277630799526,-166.46414363086578
56.61271941887264,162.52522574374433
57.9396237474839,158.74949449286677
58.69412236331676,156.92958775017536
61.29437168288782,151.76255446183274
70.2922470831599,140.19442890773482
72.24956747275377,138.3664606634298
79.30952023559341,-131.9335144988741
74.24957912338628,-135.5456575934157
72.86288492778748,-136.66833744829333
65.80273550544841,-143.65254179111471
65.21502894272147,-144.36019080191335
64.07027391856539,-145.813877513625
57.0087712549569,158.38522105721376
57.77542730261716,156.54097591853844
69.52697318307479,139.666858371439
80.8084154033477,130.98582430458896
81.5659242576212,130.5251034937539
83.09632964216891,129.6290053044643
79.39773296511683,-130.91438322002512
77.89736837660179,-131.8778695378843
74.24957912338628,-134.4543424065843
72.83543093852057,-135.55625222708068
53.600373133029585,-165.96375653207352
54.120236510939236,163.90918365114786
56.462376853972415,157.06789956241022
58.59180830116101,152.56027205180072
70.76722405181653,137.29061004263855
85.0,-126.86989764584402
77.98717843338096,-130.84035770628736
72.83543093852057,-134.44374777291932
70.03570517957252,-136.7357045889284
69.35416353759881,-137.33730585912383
52.88667128870941,-164.6498635075756
53.16013544000805,163.61045966596524
54.78138369920935,158.58703052512826
57.706152185014034,152.10272896905238
68.01470429252781,138.57633437499737
70.03570517957252,136.7357045889284
84.40379138403677,-126.32682595212023
77.33692520394123,-130.27986306895644
74.33034373659252,-132.27368900609375
63.41135544995076,-142.0457691248675
62.20128616033595,-143.4985588794937
61.61168720299745,-144.24611274556327
50.48762224545735,-172.03038960567864
53.48831648126533,159.19320898728878
54.230987451824994,157.21759426951832
56.356011214421486,152.52556837372288
78.87331614684399,129.34051815983753
80.43009387039157,128.43730149106256
81.21576201698781,127.99873244250468
74.41102068914255,-131.18592516570965
72.91776189653656,-132.22083313592793
67.89698078707183,-136.19348942398204
60.802960454241045,-143.6955028774248
60.21627686929839,-144.46232220802563
59.07622195096772,-146.04094018032373
49.64876634922564,-170.7273982227997
52.92447448959697,157.7965214679426
55.47071299343465,152.04903097210985
80.60397012554654,127.43857157233303
81.40024569987489,127.01067323360311
83.00602387778854,126.17962044797895
84.87638069569178,-124.43898930880363
73.0,-131.11209043916693
69.31089380465383,-133.8308606720926
67.17886572427373,-135.60309119438054
49.03060268852505,-168.23171106797935
51.264022471905186,159.44395478041653
73.7563556583431,130.6012946450045
74.51845409024533,130.10090754621226
76.05918747922567,129.1303995569853
84.31488599292535,-123.87853980510967
80.2122185206219,-125.86982351772133
57.42821606144492,-144.9262455066517
49.040799340956916,-163.41266144307258
48.27007354458868,-166.8274465766731
49.9799959983992,160.11483488614456
50.695167422546305,157.98871680208063
70.09279563550022,132.10873040377945
70.83784299369935,131.56636963754949
72.34638899074369,130.51539399045538
81.8413098624405,125.04937331204842
79.63039620647382,-125.28674897505974
78.00640999302557,-126.13537661158922
58.412327466040935,-141.95295746817393
57.8013840664737,-142.73359809902286
56.0357029044876,-145.1755108430432
55.47071299343465,-146.02345596374315
48.38388161361178,-161.93952806380082
46.69047011971501,-170.13419305691565
46.17358552246078,-175.0302592718897
48.703182647543684,160.8209919741893
49.39635614091387,158.6293777306568
51.42956348249516,153.434948822922
68.6804193347711,132.04922089099364
78.81624198095213,125.70669140060288
79.63039620647382,125.28674897505974
82.09750300709517,124.07719528013074
82.92767933567175,123.69006752597979
84.90583018850944,-122.0053832080835
77.42092740338364,-125.53767779197437
56.4003546088143,-142.9269266826896
54.644304369257,-145.43747535111817
45.89117562233506,-168.6900675259798
45.27692569068709,-173.6598082540901
45.70557952810576,169.91940201245768
45.89117562233506,168.6900675259798
47.43416490252569,161.565051177078
48.104053883222775,159.3045492659367
50.53711507397311,152.92791976200724
68.01470429252781,131.42366562500266
71.84010022264724,128.78436410029735
73.40980860893181,127.80652994470447
74.2024258363566,127.33319573818584
79.88116173416608,124.28687697720898
84.38009243891595,-121.42956561483851
80.15609770940699,-123.29356327084668
74.4043009509531,-126.2538377374448
53.25410782277739,-145.71312302279105
45.35416188179427,-165.96375653207352
44.91102314577124,-168.43986920578223
46.17358552246078,162.34987578006988
46.8187996428785,160.01689347810003
70.43436661176133,128.6598082540901
73.60027173862879,126.71420297604627
74.4043009509531,126.2538377374448
76.02631123499285,125.36246188706906
81.83520025025906,122.52489028779105
84.72307831990054,-120.49983323344743
79.61155694998057,-122.69198418257207
77.93587107359485,-123.48616881551298
74.63243262818116,-125.1806993612421
73.00684899377592,-126.08507304285213
54.817880294662984,-141.66665989090137
52.43090691567332,-145.0975043840753
45.5411901469428,-160.76932762433873
44.384682042344295,-165.65066795705286
44.14748010928823,-166.90810693565314
43.289721643826724,173.36748538486154
43.41658669218482,172.0565281894096
45.5411901469428,160.76932762433873
69.81403870282824,128.0189425931702
78.77182237323191,123.08485292873497
79.61155694998057,122.69198418257207
82.15229759416349,121.56181184164936
83.00602387778854,121.20051460398064
84.21995013059554,-119.91364599153488
77.38862965578342,-122.86867893336752
73.23933369440222,-124.99202019855868
53.41348144429457,-141.84277341263095
51.03920062069938,-145.37584492005107
44.94441010848846,-159.14554196042167
43.68065933568311,-164.05460409907712
43.174066289845804,-166.6075022462489
42.2965719651132,-173.21102542556122
42.1070065428546,175.91438322002512
42.190046219457976,174.5596679689945
43.41658669218482,165.32360686255
68.41052550594829,127.87498365109822
74.88658090739622,124.11447294534128
79.92496481075234,121.70142966950573
82.49242389456137,120.60640703150949
80.26207074328447,-120.71890426402918
74.33034373659252,-123.47627829610266
70.21395872616783,-125.72739822279969
52.630789467763066,-141.1701750950296
44.01136216933077,-158.68208772453846
42.44997055358225,-164.98163936884933
41.43669871020132,-171.67434966957316
41.012193308819754,178.60281897270363
41.048751503547585,177.2072976342867
42.20189569201838,166.2930389959202
42.720018726587654,163.68614757373945
67.80117993073571,127.20792192178156
71.84705978674423,124.79602627826831
72.67048919609665,124.34609740006152
75.16648189186454,123.05582281155367
76.00657866263946,122.64464013491649
82.85529554590944,119.6591092359951
85.0,-118.07248693585296
79.75587752636166,-120.10130456559969
78.03204469959762,-120.83783194468725
74.62573282722254,-122.41230661835121
72.94518489934754,-123.25436657471207
69.63476143421474,-125.05942696688697
55.86591089385369,-135.72522429905925
55.17245689653489,-136.46880071438582
53.81449618829484,-138.01278750418336
51.22499389946279,-141.34019174590992
49.4064773081425,-144.05788812861766
43.46262762420146,-156.97450799147197
41.7612260356422,-163.3007557660064
40.44749683231337,-171.46923439005187
40.01249804748511,-178.56790381583536
40.0,180.0
41.48493702538308,164.62374875117382
43.46262762420146,156.97450799147197
43.86342439892262,155.77225468204585
72.94518489934754,123.25436657471207
78.89233169326408,120.46554491945989
82.365041127896,119.05460409907714
84.53401682163222,-117.47443162627712
80.1311425102625,-119.12405349477743
77.52418977325722,-120.20323775494265
73.24616030891995,-122.1712171285446
48.010415536631214,-144.32359177813802
42.5440947723653,-156.44773632710536
41.10960958218893,-161.565051177078
40.52159917870962,-164.24882633654698
39.6232255123179,-169.8244891569568
39.11521443121589,-175.6012946450045
39.05124837953327,-177.06432655357884
68.24221567329127,124.85445556610367
70.7248188403477,123.46537934635528
74.94664769020693,121.35708522400994
79.25906888173743,119.47588900324574
82.76472678623425,118.11320887605596
84.970583144992,-116.56505117707799
79.64923100695951,-118.49563861824498
77.89736837660179,-119.19748604606448
74.43117626371358,-120.69972255081441
70.178344238091,-122.78428086586914
52.3450093132096,-136.54815769897797
49.678969393496885,-139.89909245378777
42.04759208325728,-154.65382405805332
40.162171256046406,-161.1139126302907
39.84971769034255,-162.47443162627712
38.8329756778952,-168.11134196037204
38.47076812334269,-171.0273733851036
38.2099463490856,-173.99099404250546
70.178344238091,122.78428086586914
71.8679344353238,121.92087621993319
72.71863585079137,121.5042667192042
75.29276193632427,120.31121322668163
76.15773105863909,119.9315118405078
78.77182237323191,118.84266013541206
82.29823813423954,117.49913873104715
84.52810183601665,-115.95876926156063
77.41446893184762,-118.55139187296018
74.79304780526061,-119.64986350757559
73.06161783043132,-120.42578380196127
69.6419413859206,-122.09259132873417
53.75872022286245,-133.492564241225
53.03772242470448,-134.23610153907
50.93132631298737,-136.59114027119458
50.24937810560445,-137.41950921665634
48.27007354458868,-140.0424510691709
46.400431032480725,-142.8831393167297
41.14608122288197,-154.05770451012833
39.56008088970496,-159.27444113443946
38.897300677553446,-162.030860259843
38.07886552931954,-166.32869286780416
37.656340767525464,-169.28687697720898
39.21734310225516,160.6410058243053
39.56008088970496,159.27444113443946
55.97320787662612,131.37851529588266
56.72741841473134,130.71084667118097
70.49113419430843,121.6607510966366
71.34423592694787,121.23921488820876
73.06161783043132,120.42578380196127
75.66372975210778,119.27525427725259
79.17701686727027,117.85965069524227
82.73451516749222,116.56505117707799
85.0,-115.05761541830302
80.49844718999243,-116.56505117707799
77.82673062643708,-117.5528115767178
74.30343195303969,-118.97970769792877
73.43023900274328,-119.35775354279127
51.62363799656123,-134.2151753970081
49.51767361255979,-136.63657704161673
45.0,-143.13010235415598
38.27531841800928,-160.14478563067897
36.87817782917155,-167.47119229084848
36.013886210738214,178.40885972880542
36.05551275463989,176.82016988013575
37.94733192202055,161.565051177078
53.81449618829484,131.98721249581666
54.56189146281496,131.28471089457122
63.245553203367585,124.69515353123397
64.07027391856539,124.18612248637504
70.83078426785913,120.54757174890702
72.56031973468694,119.74488129694222
76.05918747922567,118.24973549497427
78.71467461661771,117.21611155730749
82.29216244576394,115.94229548987168
80.05623023850174,-115.92490150755445
77.3692445355388,-116.89623696549339
74.70609078247904,-117.93714282653859
72.94518489934754,-118.673146489435
70.32780389006896,-119.84593194968741
48.104053883222775,-136.6846843178963
46.75467891024384,-138.46822925891715
40.311288741492746,-150.25511870305778
35.05709628591621,-176.72951207681643
35.0,180.0
35.12833614050059,175.10090754621226
37.0,161.07535558394878
51.66236541235796,132.6467031338917
52.40229002629561,131.9059419410829
59.405386961116584,126.098283967108
67.7421582177598,121.10880882854515
71.19691004531025,119.44542872992561
72.069410986909,119.05460409907714
75.59100475585703,117.58202920779716
79.1580697086532,116.24134965215777
82.76472678623425,115.01689347810004
84.17244204607586,-113.82426058289543
80.52949770115296,-114.97391090588341
77.82030583337487,-115.90650799951439
74.24284477308234,-117.25532837494308
73.35529974037323,-117.61302782308447
69.83552104767315,-119.13429219722619
50.24937810560445,-132.58049078334366
45.34313619501854,-138.57633437499737
39.44616584663204,-149.53445508054014
34.36568055487916,-171.63411387596742
34.132096331752024,-174.9575489308291
34.132096331752024,174.9575489308291
36.40054944640259,159.07549825507886
37.57658845611187,154.79887635452494
48.79549159502341,134.169684513742
50.24937810560445,132.58049078334366
57.201398584300364,126.46923439005187
58.008620049092706,125.88213724620422
59.64059020499378,124.75591255354136
60.4648658313239,124.21570213243739
66.37017402418047,120.8157057517292
68.09552114493287,119.95360816780149
70.71067811865476,118.73979529168805
72.47068372797375,117.97947438848014
76.02631123499285,116.56505117707799
78.7210264160726,115.58851314131643
82.34682750416071,114.38637110180139
84.69356528095862,-112.9321004375898
80.11242100947892,-114.32557523912612
77.38862965578342,-115.24052926478679
74.68600939935136,-116.22196677755446
72.89718787443039,-116.91655461695134
70.2353187506115,-118.02450053207025
48.83646178829912,-132.51044707800085
46.66904755831214,-135.0
36.24913792078372,-155.55604521958347
35.84689665786984,-157.01128319791937
33.95585369269929,-166.3730051401085
33.54101966249684,-169.69515353123398
33.24154027718932,173.08877288097534
33.54101966249684,169.69515353123398
37.12142238654117,152.74467162505695
40.80441152620633,143.9726266148964
43.93176527297759,138.69138598645128
47.38143096192854,134.1449026037333
55.0,126.86989764584402
55.80322571321482,126.2538377374448
57.42821606144492,125.07375449334829
58.249463516842795,124.50852298766841
65.0,120.51023740611556
65.86349520030045,120.06858282186246
71.11961754677819,117.64597536373869
72.00694410957877,117.27676338311369
75.58438992278762,115.88702626632669
79.20227269466452,114.62356478616361
82.85529554590944,113.47099311816089
84.30895563343196,-112.30620505490764
80.62257748298549,-113.38522105721376
77.87810988975015,-114.26129085247779
74.24957912338628,-115.52969799053305
73.348483283569,-115.86635679409451
69.77105417004964,-117.29957221133282
45.254833995939045,-135.0
41.86884283091664,-139.8440003750807
38.8329756778952,-145.4914770123316
34.539832078341085,-157.89055165624833
33.24154027718932,-164.29136217098426
32.7566787083184,167.6609127216738
33.52610922848042,162.6459753637387
40.607881008493905,142.00126755749537
42.5205832509386,138.81407483429035
52.80151512977634,127.30394827798344
53.600373133029585,126.6561084159669
55.21775076911409,125.41705527646745
56.0357029044876,124.8244891569568
67.11929677819934,118.47420361007437
70.66116330771806,116.92767785104051
72.44998274671983,116.21137801783154
76.05918747922567,114.8803668591817
78.79086241436883,113.96248897457819
82.46211251235322,112.83365417791754
84.86459803710851,-111.4252937980874
77.47257579298626,-113.58703052512824
74.73285756613352,-114.50740523012972
72.91776189653656,-115.15930191603165
70.21395872616783,-116.20011484134734
47.50789408087881,-130.7321066997092
40.45985664828782,-140.01311375503582
38.01315561749642,-144.63753811293097
35.35533905932738,-151.26020470831196
32.89376840679705,160.46334506187162
34.0147027033899,155.6954507340633
49.8196748283246,128.48019824834302
51.40038910358559,127.09283729704154
53.009433122794285,125.78897345918334
53.823786563191554,125.1664360357929
61.40032573203501,120.32360686255
62.26556030423239,119.8590161649231
67.53517601961218,117.32389130134653
71.11258679024411,115.84438755456033
72.01388754955533,115.4975514933378
75.64390259630977,114.19320898728877
79.30952023559341,113.00887008282288
83.00602387778854,111.92958775017536
79.84985911070852,-112.06789956241022
78.0,-112.61986494804043
73.40980860893181,-114.12098311944258
69.77822009767804,-115.46334506187162
46.09772228646444,-130.6012946450045
43.86342439892262,-133.1523897340054
42.42640687119285,-135.0
34.48187929913333,-150.46121774044192
33.54101966249684,153.434948822922
35.510561809129406,147.65255650055798
44.598206241955516,132.27368900609375
46.09772228646444,130.6012946450045
48.41487374764082,128.29016319224309
50.0,126.86989764584402
51.61395160225576,125.53767779197437
59.16924876994806,120.46554491945989
60.03332407921454,119.98163936884934
67.08203932499369,116.56505117707799
70.68238818828917,115.11483488614456
72.49827584156743,114.44395478041653
76.15773105863909,113.19859051364818
78.92401408950256,112.34064795999414
84.15461959987698,-110.15761089454482
80.4114419718985,-111.13982480865766
70.26378868236469,-114.37646861667477
42.44997055358225,-133.09084756700364
41.012193308819754,-135.0
38.948684188300895,-138.12213046211573
35.22782990761707,145.40771131249005
43.18564576337837,132.1844433157888
46.22769732530488,128.85337434035333
48.60041152089147,126.63411387596742
56.938563381947034,120.61860540890939
57.8013840664737,120.11373315098244
67.54257916307313,115.4268741695898
71.17583859709698,114.04422326936782
72.09022125087424,113.7203955723046
79.47955712005447,111.39981013208224
82.28000972289685,110.63754698468783
84.75848040166836,-109.29004621918874
80.05623023850174,-110.47227951974192
77.25283166331187,-111.25050550713325
68.94200461257273,-113.96248897457819
68.0294054067798,-114.30454926593673
44.82186966202994,-128.6598082540901
37.53664875824692,-138.23970029610214
33.83784863137726,-145.84030545433058
43.278170016764804,130.3141001604973
44.82186966202994,128.6598082540901
54.70831746635972,120.78414652632645
55.569775957799216,120.25643716352927
67.11929677819934,114.65589874408161
70.77428911688199,113.30489053920311
72.61542535852834,112.68055960702492
75.39230729988306,111.80140948635182
82.87339742040264,109.74683660542613
80.65358020571685,-109.55825153699745
77.83315488916018,-110.2975697722287
72.2357252334328,-111.94869908352698
66.70832032063167,-113.87528085392752
64.88451279003334,-114.59011716619602
43.41658669218482,-128.45370921670596
33.015148038438355,-144.86580694308435
51.62363799656123,121.53479190518829
53.33854141237835,120.41108126712537
67.62396025078685,113.53234856090101
71.30918594402827,112.24902365721238
75.96051605933177,110.82089285331082
78.77182237323191,110.045249425421
84.11896337925236,-108.0041616059134
77.4919350642375,-109.60408815082943
72.80109889280519,-110.92450174492117
70.9365914038728,-111.5014343240479
63.56099432828282,-114.14554196042165
61.741396161732524,-114.90476880809518
32.802438933713454,142.43140797117252
34.058772731852805,139.7636416907262
47.70744176750625,123.02386755579664
50.24937810560445,121.15930450834438
67.23094525588644,112.75097634278764
71.8679344353238,111.2092261342228
75.61084578286372,110.11258828907549
79.37883848986453,109.11972632993115
82.21921916437786,108.43494882292202
84.77027781009096,-107.15242174021184
80.00624975587844,-108.20848447058084
78.10889834071403,-108.66691427422022
73.38937252763509,-109.91640599380908
71.5122367151245,-110.46227152342222
68.70953354520753,-111.33685929180565
60.41522986797286,-114.44395478041653
59.50630218724736,-114.8423891054552
39.824615503479755,-128.8844964337146
38.28837943815329,-130.76360520094119
33.97057550292606,137.38594403038883
36.796738985948195,132.7974018382342
46.32493928760188,122.66091272167381
67.77905281132217,111.64443514071401
70.57619995437555,110.74608027568343
72.44998274671983,110.18580300946486
76.21679604916491,109.1481374579396
82.86132994346639,107.5602720518007
80.65358020571685,-107.31164610884659
73.05477397131553,-109.17900802581072
67.4166151627327,-110.85445803957835
65.55150646628954,-111.4767909795404
58.180752831155424,-114.36245301531218
57.271284253105414,-114.77514056883193
38.41874542459709,-128.6598082540901
35.38361202590826,132.70938995736148
71.16881339463234,109.70797884297873
72.11102550927978,109.4400348281762
78.74642849044012,107.74467162505692
84.20213774008353,-105.85192815428697
73.68174807915459,-108.18904569965132
64.25729530566937,-110.9734934213208
62.39390995922599,-111.63088683651792
55.94640292279746,-114.27444113443946
55.036351623268054,-114.7024302277713
41.048751503547585,-124.07719528013074
67.06713054842886,110.05609473657542
70.83784299369935,108.94650468950906
72.73238618387272,108.43494882292202
75.58438992278762,107.71579270637694
79.40403012442127,106.83747262567638
82.28000972289685,106.23235066115622
84.8999411071645,-105.01836063115067
80.0812087820857,-105.94539590092286
77.20103626247513,-106.55707137563665
73.37574531137656,-107.44718842328221
61.09828148156051,-111.10483858492964
60.166435825965294,-111.44773632710536
53.71219600798314,-114.17910714668918
52.80151512977634,-114.62356478616361
39.66106403010388,-123.69006752597979
32.55764119219941,-132.51044707800085
31.827660925679098,133.7269699799433
33.301651610693426,131.34777721969368
34.058772731852805,130.2363583092738
67.67569726275453,108.97040780848656
71.47027354082255,107.92791976200724
76.24303246854758,106.77122381863043
82.96987405076617,105.3762512488262
80.77747210701756,-105.06848815949222
77.88452991448301,-105.64224645720874
74.04052944165107,-106.47688139368798
58.872744118140105,-110.89776549883887
57.9396237474839,-111.25050550713325
52.392747589718944,-113.62937773065681
35.805027579936315,-125.90972307917767
31.89043743820395,-131.18592516570965
67.35725647619564,108.16595652922554
72.12489168102785,106.92751306414705
78.84795495128583,105.44631636769256
72.80109889280519,-105.94539590092286
64.19501538281614,-108.15270588665115
56.64803615307419,-110.67442476087389
55.71355310873648,-111.03751102542182
51.07837115648854,-113.05130091647302
49.24428900898052,-113.96248897457819
36.05551275463989,-123.69006752597979
34.40930106817051,-125.53767779197437
32.01562118716424,-128.6598082540901
34.40930106817051,125.53767779197437
36.89173349139343,122.82854179141253
68.00735254367721,107.10272896905236
70.8801805866774,106.38954033403479
72.80109889280519,105.94539590092286
79.55501241279521,104.56027561935689
84.17244204607586,-103.04563706294861
80.2807573457052,-103.69004961746552
62.93647591023825,-107.57125877832243
60.08327554319921,-108.43494882292202
54.42425929675111,-110.4328286793987
52.55473337388365,-111.19405648154229
33.83784863137726,124.15969454566944
70.60453243241541,105.61098853367966
72.53275122315436,105.18583726220133
75.43208866258443,104.58891873287463
82.22530024268686,103.36021844476448
84.92938243034621,-102.23611150941635
81.02468759581859,-102.83560948640144
77.12976079309465,-103.49573328079582
58.82176467941097,-107.81888891452277
56.92099788303083,-108.43494882292202
51.264022471905186,-110.55604521958347
48.46648326421054,-111.80140948635182
35.84689665786984,120.14138555207535
71.30918594402827,104.62087398863166
76.15773105863909,103.67130713219584
82.97590011563598,102.52880770915151
77.87810988975015,-102.60860679336623
69.12307863514182,-104.23728046576109
65.25335240430181,-105.10109816138545
55.65968020030299,-107.78388844269253
54.70831746635972,-108.10376303450663
50.92150822589606,-109.50244850666223
48.104053883222775,-110.69545073406329
32.7566787083184,121.26373169437744
35.35533905932738,118.73979529168805
67.1863081289633,104.65675111576043
72.03471385380801,103.65041913475699
78.85429601486528,102.4499965078066
64.03124237432849,-104.4702941000659
61.1310068623117,-105.17291534552527
53.45091205957107,-107.41797079220284
52.49761899362675,-107.74467162505692
36.6742416417845,-115.86635679409451
67.91170738539859,103.62699485989154
70.83078426785913,103.05524722379661
72.78049189171504,102.69958448959737
79.62411694957753,101.59217541029108
80.4114419718985,-100.75096699318806
70.61161377563892,-102.2647737278924
59.90826320300064,-104.50016676655257
57.97413216254298,-104.99507912917599
51.24451190127583,-107.02052561151986
50.28916384272063,-107.35402463626133
37.16180835212409,-113.80594351845772
37.16180835212409,113.80594351845772
39.92492955535426,112.06789956241022
71.58910531638176,102.0947570770121
81.21576201698781,-99.92624550665171
56.753854494650845,-104.28109573597084
55.78530272392541,-104.53445508054013
49.040799340956916,-106.58733855692742
48.08326112068523,-106.92751306414705
36.76955262170047,112.38013505195958
39.56008088970496,110.72555886556054
67.468511173732,101.97613244420336
75.31268153505093,100.71312302279104
82.20097323024831,99.8060927598971
84.01190391843289,-98.901716032892
77.10382610480494,-99.70665240933971
74.14849964766651,-100.09750438407528
54.57105459856901,-103.78159723565363
53.600373133029585,-104.03624346792648
31.78049716414141,114.14554196042165
34.539832078341085,112.10944834375168
40.162171256046406,108.8860873697093
42.05948168962618,108.0041616059134
68.24954212300622,100.98065001017355
76.11832893594026,99.83356396420712
83.02409288875127,99.00850374202516
84.8528137423857,-98.13010235415598
77.92945527847606,-98.85795876362836
74.96665925596525,-99.21102654081668
72.99315036357864,-99.46232220802563
70.03570517957252,-99.86580694308438
52.392747589718944,-103.2405199151872
51.419840528729765,-103.49573328079582
47.53945729601885,-104.62087398863166
32.31098884280702,-111.80140948635182
36.05551275463989,109.4400348281762
37.94733192202055,108.43494882292202
42.720018726587654,106.31385242626057
43.68065933568311,105.94539590092286
78.91767862779544,98.74616226255522
73.824115301167,-98.56914187983764
70.8590149522275,-98.930590100419
50.21951811795888,-102.65255650055798
47.29693436154187,-103.44861505168652
35.73513677041127,-107.92791976200724
32.89376840679705,-109.5366549381284
33.83784863137726,108.97040780848656
38.600518131237564,106.55707137563665
44.384682042344295,104.34933204294714
45.35416188179427,104.03624346792648
79.76214641043707,97.9269266826896
39.293765408777,-104.74356283647074
38.3275357934736,-105.12400730831057
36.40054944640259,-105.94539590092286
34.48187929913333,106.85839876773828
37.36308338453881,105.52411099675426
38.3275357934736,105.12400730831057
39.293765408777,104.74356283647074
46.09772228646444,102.52880770915151
47.07440918375928,102.2647737278924
67.7421582177598,98.48894388050472
80.50465825031493,-96.41878673023879
37.107950630558946,104.03624346792648
40.024992192379,102.9946167919165
41.0,102.68038349181982
47.853944456021594,100.84030545433056
49.8196748283246,100.40771131249006
65.62011886609167,97.88313931672974
66.61080993352356,97.76516601842535
81.39410298049853,-95.64054943215683
36.87817782917155,102.52880770915151
41.773197148410844,101.04094018032374
42.7551166528639,100.78429786756261
50.635955604688654,99.09027692082232
54.589376255824725,98.42696902148067
61.5223536610881,97.47155917659238
64.4980619863884,97.1250163489018
38.63935817272331,-100.4374753511182
37.656340767525464,-100.71312302279104
34.713109915419565,101.63363399894044
36.6742416417845,101.0035408517495
37.656340767525464,100.71312302279104
40.607881008493905,99.92624550665171
43.56604182158393,99.24611274556325
44.553338819890925,99.03948280335513
55.44366510251645,97.25319461272534
60.40695324215582,96.6544250460066
75.32595834106593,95.33215888165957
36.49657518178932,-99.46232220802563
33.54101966249684,100.30484646876603
37.48332962798263,99.21102654081668
40.44749683231337,98.53076560994813
45.39823785126467,97.59464336859145
47.38143096192854,97.27500495788927
69.26037828369117,94.96974072811031
71.25307010929424,94.83041995828995
76.23647421018367,94.51398845800126
74.16872656315464,-93.86546116985176
31.400636936215164,-99.16234704572172
29.427877939124322,99.7824070318073
41.30375285612676,96.95295746817392
43.289721643826724,96.63251461513848
48.25971404805462,95.9468630539735
52.23983154643591,95.49232455712743
65.19202405202648,94.39870535499554
68.18357573492314,94.20535700170859
82.15229759416349,93.4893249057964
75.1065909225016,-93.05288251479243
73.10950690573696,-93.1363583683326
70.11419257183242,-93.27048792318357
36.22154055254967,-96.3401917459099
32.2490309931942,-97.1250163489018
30.265491900843113,97.59464336859145
37.21558813185679,96.1701750950296
39.20459156782532,95.85601358542897
44.181444068749045,95.1944289077348
45.17742799230607,95.07960786001456
53.150729063673246,94.31602751986563
64.1248781675256,93.57633437499736
73.10950690573696,93.1363583683326
83.09632964216891,92.75910765862028
71.06335201775947,-92.41950921665634
37.12142238654117,-94.63546342690265
35.12833614050059,-94.89909245378777
33.13608305156178,-95.1944289077348
32.14031735997639,-95.35582504285519
40.11234224026316,94.28915332881903
46.09772228646444,93.73139699916045
47.095647357266465,93.65222278030635
79.05694150420949,92.17474411461005
37.05401462729781,-93.09405805891711
36.05551275463989,-93.17983011986423
34.058772731852805,-93.3664606634298
33.06055050963308,93.46822925891715
40.049968789001575,92.86240522611175
41.048751503547585,92.79270236571328
48.041648597857254,92.38594403038883
50.039984012787215,92.29061004263853
80.02499609497022,91.43209618416465
75.0066663703967,-90.76389846093001
73.00684899377592,-90.78482460299189
34.0147027033899,91.6846843178963
42.01190307520001,91.36392753160293
43.01162633521314,91.33221985386963
51.0098029794274,91.12330271407544
54.00925846556311,91.06091169026423
66.007575322837,90.86805144974555
70.00714249274856,90.81845546168861
74.0,-90.0
71.0,-90.0
34.0,-90.0
30.0,90.0
44.0,90.0
45.0,90.0
55.0,90.0
65.0,90.0
69.0,90.0
71.0,90.0
70.00714249274856,-89.18154453831139
37.013511046643494,-88.45184230102204
36.013886210738214,-88.40885972880542
33.015148038438355,-88.26429541107161
32.01562118716424,-88.21008939175394
31.016124838541646,88.15238973400541
34.0147027033899,88.31531568210372
46.010868281309364,88.75463573323165
48.010415536631214,88.80651057601797
70.00714249274856,89.18154453831139
35.05709628591621,-86.72951207681645
32.0624390837628,-86.42366562500266
35.05709628591621,86.72951207681645
49.040799340956916,87.66269414087618
52.03844732503075,87.7974018382342
80.02499609497022,88.56790381583535
31.144823004794873,-84.47245984834383
31.144823004794873,84.47245984834383
53.08483775994799,86.76029970389789
67.06713054842886,87.436229788535
79.05694150420949,87.82525588538995
35.22782990761707,-83.48019824834302
31.25699921617557,-82.64762064010765
32.2490309931942,82.8749836510982
35.22782990761707,83.48019824834302
68.11754546370561,86.63353933657021
71.11258679024411,86.7754773934801
73.10950690573696,86.86364163166742
34.36568055487916,-81.63411387596742
30.4138126514911,-80.53767779197439
36.345563690772494,82.09283729704154
72.17340230306452,86.02750405924934
34.52535300326414,-79.99202019855866
30.59411708155671,-78.69006752597979
32.55764119219941,79.38034472384487
83.21658488546619,85.86532862626359
70.34912934784623,-84.28940686250037
61.40032573203501,-83.45370921670597
41.593268686170845,-80.3112134396332
33.734255586866,-78.02386755579664
29.832867780352597,-76.42956561483852
28.861739379323623,75.96375653207353
31.78049716414141,77.27564431457763
32.7566787083184,77.66091272167381
36.6742416417845,78.99645914825051
82.29823813423954,85.12072621699328
65.49045732013177,-82.9834982552771
62.51399843235114,-82.64762064010765
40.792156108742276,-78.69006752597979
37.8549864614954,-77.79953127261922
33.95585369269929,-76.37300514010846
30.083217912982647,-74.57783868126133
29.120439557122072,74.05460409907715
32.01562118716424,75.52970589993411
33.95585369269929,76.37300514010846
37.8549864614954,77.79953127261922
76.4198926981712,83.99099404250548
73.55270219373317,-82.97160376105039
68.59300255857006,-82.4605548604907
66.61080993352356,-82.23483398157467
37.107950630558946,-75.96375653207353
35.17101079013795,-75.17352002964434
33.24154027718932,-74.29136217098426
29.410882339705484,-72.18111108547723
28.460498941515414,71.56505117707799
33.24154027718932,74.29136217098426
38.07886552931954,76.32869286780416
75.53806987208503,83.15722658736907
81.61494961096282,-82.96205923681534
74.67261881037788,-82.30394827798344
72.69112738154499,-82.09283729704154
57.87054518492115,-80.0493733120484
44.14748010928823,-76.90810693565317
34.48187929913333,-73.14160123226172
29.732137494637012,-70.3461759419467
35.4400902933387,73.61045966596522
39.293765408777,75.25643716352927
80.75270893288967,-82.17092348994039
74.81310045707235,-81.54497232282256
72.83543093852057,-81.31364541876334
61.98386886924694,-79.77783136636388
59.033888572581766,-79.26110289909457
43.41658669218482,-75.32360686254998
40.52159917870962,-74.24882633654697
29.154759474226502,-67.83365417791754
29.154759474226502,67.83365417791754
34.785054261852174,71.56505117707799
36.68787265568828,72.5528115767178
39.56008088970496,73.85566121971652
84.8528137423857,-81.86989764584403
73.97972695272672,-80.66500153686177
72.00694410957877,-80.40686573726967
65.11528238439882,-79.38034472384487
63.150613615387776,-79.04593735660167
55.31726674375732,-77.47119229084849
44.64302857109943,-74.40718906073366
41.7612260356422,-73.30075576600639
39.84971769034255,-72.47443162627712
37.0,-71.07535558394876
28.635642126552707,65.22485943116808
36.05551275463989,70.5599651718238
40.80441152620633,72.89727103094764
79.90619500389191,81.36286858492926
84.01190391843289,-81.098283967108
78.08969202141856,-80.41705527646744
73.16419889536138,-79.76519723657678
71.19691004531025,-79.47921568612564
67.26812023536856,-78.85711014166068
66.2872536767062,-78.69006752597979
59.43904440685432,-77.366638064725
56.515484603779164,-76.70142966950571
41.10960958218893,-71.56505117707799
38.27531841800928,-70.14478563067895
36.40054944640259,-69.07549825507883
34.539832078341085,-67.89055165624833
79.07591289387686,80.53767779197439
77.27871634544663,-79.56252464888182
74.33034373659252,-79.14358665193775
72.3671196055225,-78.84534026107171
68.4470598345904,-78.19756579221645
63.56099432828282,-77.27564431457763
60.63827174318213,-76.65127288671262
37.69615364994153,-68.19859051364818
35.84689665786984,-67.01128319791937
34.0147027033899,-65.69545073406329
29.5296461204668,61.69924423399363
41.43669871020132,70.25316339457389
69.42621983083913,78.36636600105956
66.70832032063167,-77.0053832080835
64.76109943476871,-76.6075022462489
52.20153254455275,-73.30075576600639
44.598206241955516,-70.3461759419467
35.34119409414458,-64.88516511385544
29.154759474226502,59.03624346792648
33.54101966249684,63.43494882292201
34.438350715445125,64.17900802581072
39.92492955535426,67.9321004375898
42.720018726587654,69.44395478041653
43.657759905886145,69.90476880809518
68.65857557508748,77.38067770656923
81.58431221748455,-78.69006752597979
74.73285756613352,-77.63750758428569
68.8839603971781,-76.56897112931834
67.91170738539859,-76.37300514010846
56.32051136131489,-73.49563861824498
53.45091205957107,-72.58202920779716
44.01136216933077,-68.68208772453845
40.311288741492746,-66.61477894278624
31.38470965295043,-59.34933204294713
33.12099032335839,61.1134182330893
35.77708763999664,63.43494882292201
39.395431207184416,66.03751102542182
41.23105625617661,67.16634582208245
76.68767828015137,77.95742485711503
83.54639429682169,78.95905981967627
80.8084154033477,-77.855721950433
73.97972695272672,-76.71513351509782
71.06335201775947,-76.15930450834438
70.09279563550022,-75.96375653207353
60.440052945046304,-73.66395711028154
57.56735185849702,-72.82409638425325
39.81205847478876,-64.72227776444704
38.01315561749642,-63.43494882292201
31.064449134018133,-56.82148834060726
30.23243291566195,-55.7842978675626
30.23243291566195,55.7842978675626
36.235341863986875,62.02052561151985
75.92759709091287,77.06194368281355
79.83107164506812,77.70473357700186
82.76472678623425,78.146995832256
84.92938243034621,-77.76388849058367
78.10249675906654,-76.67546873810922
72.27724399837061,-75.57922687248902
63.60031446463138,-73.55962047831983
61.68468205316454,-73.03385189146381
37.589892258425,-61.38954033403479
35.84689665786984,-59.85861444792466
30.0,-53.13010235415598
29.206163733020468,-51.95295746817391
30.0,53.13010235415598
34.132096331752024,58.172553423326896
37.589892258425,61.38954033403479
40.24922359499622,63.43494882292201
42.04759208325728,64.6538240580533
42.95346318982906,65.22485943116808
43.86342439892262,65.77225468204583
44.77722635447622,66.29735404903377
79.07591289387686,76.8424572599852
84.17244204607586,-76.9543629370514
77.3692445355388,-75.78414652632645
65.80273550544841,-73.2173558547293
64.8459713474939,-72.96223220437436
35.510561809129406,-57.652556500557964
34.66987164671943,-56.768288932020646
29.832867780352597,-50.44033203100551
33.83784863137726,55.84030545433057
38.07886552931954,60.06848815949221
38.948684188300895,60.80251395393553
41.593268686170845,62.81888891452278
42.485291572496,63.43494882292201
69.6419413859206,74.1676133795778
72.53275122315436,74.81416273779868
81.49233092751734,-75.79323388223963
74.72616676907762,-74.47588900324574
72.80109889280519,-74.05460409907715
68.00735254367721,-72.89727103094764
67.05221845696084,-72.64597536373867
34.40930106817051,-54.46232220802562
33.60059523282288,-53.47114463301483
29.732137494637012,-47.72631099390627
28.284271247461902,-45.0
31.240998703626616,50.19442890773481
40.311288741492746,60.25511870305778
68.96375859826666,73.14160123226172
71.84010022264724,73.83550084774309
73.76313442364011,74.2679952148927
76.6550715869472,74.87599269168945
80.77747210701756,-74.9315118405078
74.04052944165107,-73.52311860631204
73.08214556237385,-73.30075576600639
69.26037828369117,-72.34987578006988
33.421549934136806,-51.0724564072077
31.89043743820395,-48.81407483429036
29.0,-43.60281897270362
27.65863337187866,40.60129464500447
31.144823004794873,47.60256220249981
35.0,53.13010235415598
43.41658669218482,61.07357416474639
73.08214556237385,73.30075576600639
75.96051605933177,73.9509952074668
79.81227975693966,74.74488129694222
83.67795408588812,75.46554491945989
84.8999411071645,-74.98163936884933
78.16009211867653,-73.65182845264876
74.33034373659252,-72.7839264122093
72.42237223399962,-72.31560797344225
31.827660925679098,-46.27303002005671
29.068883707497267,-40.81508387488159
27.80287754891569,-37.69424046668917
34.828149534535996,50.826342029555775
41.340053217188775,57.84770485871766
42.190046219457976,58.57043438516149
44.77722635447622,60.57254359681026
45.65084884205331,61.189206257026946
69.57010852370435,71.56505117707799
79.12016177940993,73.85566121971652
82.96987405076617,74.6237487511738
84.20213774008353,-74.14807184571305
77.4919350642375,-72.73419050498542
74.63243262818116,-72.05059700708613
72.73238618387272,-71.56505117707799
69.8927750200262,-70.78732818281436
32.526911934581186,-45.0
31.144823004794873,-42.397437797500196
28.600699292150182,-36.46923439005187
27.459060435491963,33.11134196037203
28.0178514522438,34.824489156956794
43.56604182158393,58.134022306396325
68.9492567037528,70.51387042753424
81.60882305241266,-72.89727103094764
74.0,-71.07535558394876
69.28924880528002,-69.7343025290525
31.240998703626616,-39.80557109226519
28.844410203711913,-33.690067525979785
27.784887978899608,-30.256437163529263
36.124783736376884,48.366460663429805
76.84399781375251,71.8008349469546
79.6994353806851,72.47443162627712
80.95677859203639,-72.01266534793855
78.10889834071403,-71.33308572577978
73.38937252763509,-70.08359400619092
69.6419413859206,-68.96248897457819
32.01562118716424,-38.65980825409009
28.178005607210743,-27.474431626277134
27.730849247724095,25.641005824305285
28.178005607210743,27.474431626277134
36.069377593742864,46.12330271407543
44.654227123532216,55.95406264339834
46.32493928760188,57.33908727832619
47.16990566028302,57.9946167919165
54.120236510939236,62.487997376148556
56.79788728465171,63.8860873697093
69.6419413859206,68.96248897457819
76.21679604916491,70.8518625420604
79.05694150420949,71.56505117707799
83.81527307120105,72.64597536373867
85.07055894961546,-72.20401107606962
77.4919350642375,-70.39591184917057
74.67261881037788,-69.62356478616361
72.80109889280519,-69.07549825507883
69.07966415668217,-67.89055165624833
35.38361202590826,-42.70938995736147
33.421549934136806,-38.927543592792304
54.589376255824725,61.55707137563666
57.245087125446844,62.98733465206146
69.07966415668217,67.89055165624833
83.16850365372699,71.78290480217515
84.43340571124678,-71.3504612459486
81.59656855530139,-70.67681568183822
74.09453421137081,-68.62937773065681
73.16419889536138,-68.34401096157751
38.18376618407357,-45.0
36.796738985948195,-42.797401838234194
29.966648127543394,-25.709953780811265
58.59180830116101,62.560272051800695
60.37383539249432,63.43494882292201
69.46221994724903,67.12633480937329
76.89603370785778,69.44395478041653
79.71198153351854,70.20112364547508
80.99382692526635,-69.77514056883192
78.18567643756751,-69.0151021641178
74.46475676452586,-67.91282839677164
72.61542535852834,-67.31944039297508
69.85699678629192,-66.37062226934319
40.311288741492746,-46.005086005254185
39.59797974644666,-45.0
32.7566787083184,-31.26373169437743
31.304951684997057,-26.56505117707799
30.463092423455635,-23.19859051364819
28.284271247461902,8.13010235415598
32.2490309931942,29.74488129694222
32.7566787083184,31.26373169437743
55.569775957799216,59.743562836470744
57.30619512757761,60.751173663453024
61.71709649683789,63.019769281777144
62.609903369994115,63.43494882292201
68.94200461257273,66.03751102542182
72.61542535852834,67.31944039297508
76.32168761236873,68.47739989209293
79.12016177940993,69.27444113443946
83.81527307120105,70.48412699041731
85.09406559801923,-70.07441934181567
81.34494452638098,-69.11419853930695
77.62087348130012,-68.06151953229354
73.92563831310488,-66.90317808183917
69.35416353759881,-65.2825590889166
42.44997055358225,-46.90915243299638
41.72529209005013,-45.971021931079164
34.132096331752024,-31.827446576673108
33.12099032335839,-28.88658176691071
31.78049716414141,-24.145541960421653
29.832867780352597,13.570434385161485
30.083217912982647,15.42216131873867
34.132096331752024,31.827446576673108
52.69724850502159,56.61148642388849
55.226805085936306,58.32453126189079
58.66856057549052,60.376251248826186
63.953107821277925,63.034285567129864
64.8459713474939,63.43494882292201
69.35416353759881,65.2825590889166
72.09022125087424,66.2796044276954
73.92563831310488,66.90317808183917
79.47955712005447,68.60018986791776
83.21658488546619,69.60512391795163
84.50443775329198,-69.20588504449636
80.77747210701756,-68.19859051364818
78.0,-67.38013505195957
69.77822009767804,-64.5366549381284
44.598206241955516,-47.72631099390627
43.86342439892262,-46.8476102659946
34.48187929913333,-29.538782259558097
30.59411708155671,11.309932474020213
34.9857113690718,30.96375653207352
39.698866482558415,40.91438322002513
53.25410782277739,55.71312302279104
59.16924876994806,59.53445508054013
60.03332407921454,60.01836063115067
66.18912297349165,63.047821068771064
67.08203932499369,63.43494882292201
72.49827584156743,65.55604521958347
73.40980860893181,65.87901688055742
77.07788269017254,67.09423034158281
78.92401408950256,67.65935204000587
84.86459803710851,-68.57470620191262
77.47257579298626,-66.41296947487176
69.31810730249349,-63.43494882292201
46.75467891024384,-48.46822925891715
46.010868281309364,-47.642545294064725
32.28002478313795,-16.189206257026942
31.144823004794873,-5.527540151656172
35.35533905932738,28.739795291688043
39.824615503479755,38.884496433714595
56.302753041036986,56.59217541029108
61.40032573203501,59.67639313745001
62.26556030423239,60.1409838350769
68.42514157822401,63.060471936199185
72.01388754955533,64.50244850666222
73.824115301167,65.1706534118504
76.55716818169282,66.11350007836526
83.93449827097318,68.32535088097586
84.30895563343196,-67.69379494509236
81.54140052758476,-66.89367314172844
77.87810988975015,-65.73870914752221
73.348483283569,-64.13364320590549
69.77105417004964,-62.7004277886672
48.91829923454004,-49.1446237411043
48.16637831516918,-48.366460663429805
34.92849839314596,-23.629377730656817
33.52610922848042,-17.35402463626132
32.0624390837628,-3.576334374997351
33.83784863137726,18.970407808486545
34.17601498127012,20.556045219583467
54.405882034941776,53.97262661489639
56.859475903318,55.75096699318805
57.688820407423826,56.309932474020215
60.207972893961475,57.89374404488216
63.631753079732135,59.80837703904239
64.4980619863884,60.25511870305778
73.348483283569,64.13364320590549
76.96752561957543,65.4328286793987
79.7057087039567,66.32946151527955
83.38465086573187,67.43299092212538
81.02468759581859,-65.96571184055742
77.38862965578342,-64.75947073521321
74.68600939935136,-63.778033222445536
72.89718787443039,-63.083445383048655
69.35416353759881,-61.58733855692742
37.589892258425,-28.61045966596522
36.24913792078372,-24.443954780416536
58.249463516842795,55.4914770123316
61.587336360651285,57.60015982608067
62.433965115151864,58.09189306434685
65.86349520030045,59.93141717813756
66.73080248281148,60.36161631184866
72.00694410957877,62.72323661688632
76.48529270389177,64.4400348281762
79.20227269466452,65.37643521383639
83.773504164503,66.80140948635182
85.0881895447306,-66.44773632710535
81.43709228600933,-65.32313682966294
75.13321502504735,-63.09390654406316
73.35529974037323,-62.38697217691553
46.69047011971501,-43.264295411071615
39.96248240537617,-31.701429669505718
38.948684188300895,-29.197486046064476
34.23448553724738,-6.7098368077569335
39.96248240537617,31.701429669505718
62.96824596572466,57.319445256636605
68.09552114493287,60.0463918321985
70.71067811865476,61.26020470831195
71.58910531638176,61.64503821467594
73.35529974037323,62.38697217691553
76.92203845452875,63.76806006684338
79.62411694957753,64.72227776444704
83.2586331859946,65.89776549883887
84.581321815162,-65.55604521958347
80.95677859203639,-64.38451567935783
78.26237921249263,-63.43494882292201
77.3692445355388,-63.10376303450663
74.70609078247904,-62.0628571734614
70.32780389006896,-60.1540680503126
53.907327887774215,-49.513988458001265
53.150729063673246,-48.81407483429036
48.79549159502341,-44.16968451374199
48.104053883222775,-43.31531568210371
46.75467891024384,-41.53177074108285
41.88078318274385,-33.31063082456081
41.340053217188775,-32.15229514128234
35.22782990761707,-6.519801751656986
35.014282800023196,1.6365770416167182
40.311288741492746,29.74488129694222
41.340053217188775,32.15229514128234
59.405386961116584,53.901716032892
60.21627686929839,54.46232220802562
64.35060217278468,57.050784883409555
66.88796603276258,58.44861505168652
72.069410986909,60.94539590092286
72.94518489934754,61.326853510565
76.47875521999558,62.76485330069748
79.1580697086532,63.758650347842234
85.0,-64.94238458169698
81.39410298049853,-63.749757630311116
76.94153624668537,-62.10272896905237
72.56031973468694,-60.25511870305778
69.9714227381436,-59.03624346792648
69.1158447825099,-58.6097318958122
50.20956084253277,-44.19307054489763
48.83646178829912,-42.510447078000844
48.16637831516918,-41.6335393365702
43.829214001622255,-34.77783136636388
43.266615305567875,-33.690067525979785
36.0,0.0
36.05551275463989,3.1798301198642345
61.61168720299745,54.24611274556325
63.245553203367585,55.30484646876604
68.26419266350405,58.172553423326896
69.1158447825099,58.6097318958122
72.56031973468694,60.25511870305778
76.94153624668537,62.10272896905237
79.60527620704548,63.11306580752329
84.09518416651456,64.6538240580533
84.52810183601665,-64.04123073843937
80.95060222135473,-62.80187205149089
73.92563831310488,-59.96671956400486
72.20110802473879,-59.17233770013197
51.62363799656123,-44.21517539700812
50.24937810560445,-42.58049078334367
45.803929962395145,-36.119340849479755
45.221676218380054,-35.09581678702612
37.48332962798263,-9.211026540816666
37.013511046643494,-1.5481576989779677
37.013511046643494,1.5481576989779677
64.63745044476924,55.08059798754232
69.6419413859206,57.90740867126584
76.53757247260981,61.090816348852165
79.17701686727027,62.14034930475773
83.6301381082203,63.74134044519272
84.970583144992,-63.43494882292201
81.41252974819048,-62.17590361574674
77.89736837660179,-60.80251395393553
74.43117626371358,-59.30027744918559
72.71863585079137,-58.49573328079582
70.178344238091,-57.21571913413086
53.03772242470448,-44.236101539070006
51.66236541235796,-42.6467031338917
38.47076812334269,-8.972626614896393
38.0,0.0
38.3275357934736,7.49585763972986
65.21502894272147,54.36019080191333
66.85057965343307,55.35905248808371
71.02112361825881,57.652556500557964
71.8679344353238,58.07912378006683
77.02596964660685,60.439645535319265
79.64923100695951,61.50436138175502
84.07734534343957,63.13018691250094
84.53401682163222,-62.52556837372287
81.00617260431454,-61.22019369560279
77.52418977325722,-59.79676224505735
74.09453421137081,-58.240519915187214
73.24616030891995,-57.82878287145542
72.40165743959182,-57.40741852740074
69.8927750200262,-56.08256946302965
69.06518659932803,-55.619655276155136
53.075418038862395,-42.70938995736147
49.20365840057018,-37.568592028827496
48.60041152089147,-36.634113875967415
39.05124837953327,-2.935673446421173
39.319206502675,7.305759533310827
46.32493928760188,32.66091272167381
68.24221567329127,55.14554443389634
76.66159403508382,59.42077312751099
83.64807230295268,62.209557520547904
85.0,-61.92751306414704
78.03204469959762,-59.162168055312755
74.62573282722254,-57.5876933816488
72.11102550927978,-56.309932474020215
40.792156108742276,-11.309932474020213
40.11234224026316,-4.289153328819018
40.01249804748511,-1.4320961841646465
44.721359549995796,26.56505117707799
45.65084884205331,28.810793742973058
47.70744176750625,33.02386755579665
77.17512552629896,58.781597235653635
78.89233169326408,59.53445508054013
84.11896337925236,61.606980578617005
84.59905436823747,-61.011177478808456
81.98780397107853,-59.99507912917599
77.69813382572325,-58.150948680944715
75.16648189186454,-56.94417718844633
72.67048919609665,-55.65390259993849
41.773197148410844,-11.040940180323732
41.048751503547585,-2.792702365713283
46.06517122512408,27.121303404158663
46.52956049652737,28.2173558547293
69.40461079784254,53.79054318281395
76.8505042273634,57.757532160876686
79.40403012442127,58.912494676520026
83.72574275573791,60.67952412241925
85.0881895447306,-60.42216131873867
84.21995013059554,-60.08635400846512
81.6333265278342,-59.03624346792648
80.77747210701756,-58.67130713219584
78.23042886243178,-57.52880770915151
77.38862965578342,-57.1313210666325
74.88658090739622,-55.885527054658745
74.06078584514209,-55.4516329439887
73.23933369440222,-55.00797980144134
71.61005515987263,-54.090276920822326
70.80254232723568,-53.615648184164115
63.7808748764079,-48.81407483429036
42.95346318982906,-12.094757077012101
42.190046219457976,-5.440332031005506
42.04759208325728,2.7263109939062655
45.31004303683677,22.03622694014545
46.95742752749558,26.56505117707799
47.885279575251516,28.70595254340109
77.38862965578342,57.1313210666325
79.07591289387686,57.91781284393396
84.21995013059554,60.08635400846512
83.86298349093002,-59.153412587851406
81.30190649671138,-58.06931789628218
77.10382610480494,-56.10383343663609
74.63243262818116,-54.8193006387579
64.4437739428721,-48.144957464698024
60.108235708594876,-44.3259631020155
43.93176527297759,-11.821488340607255
43.289721643826724,-6.632514615138462
43.104524124504614,-3.9909130984297803
43.04648650006177,2.6630007660671433
46.61544808322666,22.714412353167237
50.24937810560445,31.159304508344384
79.61155694998057,57.30801581742793
80.99382692526635,-57.094757077012105
61.5223536610881,-44.3414568224364
60.14149981501958,-42.978635059643985
45.12205669071391,-12.804266065286752
44.28317965096906,-6.4830736928972374
44.181444068749045,-5.194428907734806
51.62363799656123,31.534791905188296
68.8839603971781,50.30092651652569
76.84399781375251,55.06906269888942
83.52843827104634,58.212746878335246
84.90583018850944,-57.9946167919165
78.2368199762746,-54.887988815577806
76.60939890117922,-54.027612950715096
75.8023746329889,-53.583621480113955
71.06335201775947,-50.71059313749964
70.2922470831599,-50.19442890773481
68.76772498781678,-49.12759170251173
62.93647591023825,-44.35625428582462
61.554853586049575,-43.025065989118026
46.09772228646444,-12.528807709151511
45.39823785126467,-7.594643368591445
45.17742799230607,-5.07960786001457
45.0,0.0
50.53711507397311,27.072080237992765
69.52697318307479,49.666858371439
77.42092740338364,54.46232220802562
79.05694150420949,55.30484646876604
84.05950273467003,57.63336193527501
84.59905436823747,-57.0613094570445
69.42621983083913,-48.50353164478446
68.6804193347711,-47.95077910900635
64.35060217278468,-44.37040139158974
62.96824596572466,-43.06941255883301
47.29693436154187,-13.448615051686517
46.2709412050371,-6.203447901691836
46.0,0.0
50.566787519082126,24.537728476577794
51.884487084291386,27.5528115767178
53.33854141237835,30.411081267125365
79.63039620647382,54.713251024940284
83.7615663654877,56.6893691754392
85.14693182963201,-56.496563017585785
83.48652585896721,-55.73889710090544
82.66196223173026,-55.34868408799547
76.21679604916491,-51.927218126009166
75.43208866258443,-51.45881637871866
73.87827826905551,-50.49232455712744
70.83784299369935,-48.43363036245052
69.35416353759881,-47.33730585912382
65.06919393998976,-43.75463573323166
63.702433234531945,-42.455195620186906
60.440052945046304,-38.95590783775889
47.01063709417264,-1.2188752351312977
51.894122981316485,25.083594006190918
54.70831746635972,30.784146526326445
84.31488599292535,56.12146019489035
83.23460818673925,-54.78240703180729
82.41965784932621,-54.38151016074824
80.80222769206304,-53.55555824341289
73.0,-48.88790956083307
72.24956747275377,-48.366460663429805
70.76722405181653,-47.290610042638534
65.11528238439882,-42.510447078000844
61.220911460055866,-38.36748538486154
49.24428900898052,-12.907408671265838
48.010415536631214,-1.193489423982035
51.264022471905186,20.556045219583467
53.665631459994955,26.56505117707799
55.569775957799216,30.256437163529263
76.83749084919418,51.34019174590991
72.18032973047436,-47.24574256589507
65.85590330410783,-41.92254460057563
50.44799302251776,-13.76078511179124
49.49747468305833,-8.13010235415598
49.040799340956916,-2.33730585912382
52.55473337388365,21.194056481542287
55.00909015790027,27.03086025984298
56.938563381947034,30.618605408909396
77.46612162745726,50.76263288659845
79.02531240052139,51.67988606322255
83.81527307120105,54.22392228210534
78.10249675906654,-50.19442890773481
76.57675887630658,-49.23639479905884
75.82216034906945,-48.742988295687134
72.86288492778748,-46.66833744829331
72.13875518748573,-46.12330271407543
69.31089380465383,-43.830860672092584
67.26812023536856,-41.98721249581666
64.03124237432849,-38.65980825409009
50.635955604688654,-9.090276920822323
50.35871324805669,-6.84277341263094
54.62600113499065,23.74949449286676
55.90169943749474,26.56505117707799
57.8013840664737,30.113733150982437
79.64923100695951,51.115503566285405
84.40379138403677,53.67317404787977
85.0,-53.13010235415598
83.40863264674707,-52.30575953331083
82.61961026293939,-51.881723630636955
72.12489168102785,-45.0
70.03570517957252,-43.264295411071615
64.81512169239521,-38.10757687751486
52.392747589718944,-13.240519915187205
51.478150704935004,-7.815293546766876
51.03920062069938,-2.2457425658950716
55.94640292279746,24.27444113443946
57.245087125446844,27.012665347938544
59.16924876994806,30.46554491945988
68.76772498781678,-40.87240829748828
66.21933252457322,-38.25442035251718
53.600373133029585,-14.036243467926479
52.61178575186362,-8.74616226255521
52.08646657242167,-3.3018656744350032
55.362442142665635,20.07152586453873
58.137767414994535,26.56505117707799
83.09632964216891,-50.37099469553571
82.3286098510111,-49.927109947649015
80.8084154033477,-49.014175695411026
70.178344238091,-40.955514425818905
67.00746227100382,-37.72499504211075
53.75872022286245,-9.637538112930946
53.46026561849464,-7.523820438638627
56.64803615307419,20.67442476087389
57.77542730261716,23.45902408146156
59.481089431852205,26.99583839408662
60.90155991434045,29.51149855709032
83.86894538504703,50.806726905531576
68.41052550594829,-37.874983651098205
54.08326913195984,-3.1798301198642345
59.09314681077663,23.962488974578186
60.37383539249432,26.56505117707799
60.8276253029822,27.407575437818405
62.26556030423239,29.859016164923098
62.76941930590086,30.650667957052864
84.50443775329198,50.28124062844512
69.20260110718382,-37.3666694127687
55.731499172371095,-9.293308599397115
55.14526271584895,-4.159642293712642
58.52349955359813,19.98310652189998
60.00833275470999,23.574706201912615
62.177166226839255,27.801458779934134
85.0411665018772,-48.81407483429036
83.54639429682169,-47.91083782616775
82.80700453464067,-47.447048642323615
72.47068372797375,-39.40066066347943
71.21797525905943,-38.15722658736906
69.40461079784254,-36.20945681718606
68.81860213634101,-35.53767779197438
57.48912940721924,-13.069317896282177
56.88585061331157,-10.124671655397817
56.43580423808985,-7.125016348901798
59.80802621722272,20.556045219583467
61.326992425847855,24.057349450011735
69.40461079784254,36.20945681718606
70.0,36.86989764584402
75.82216034906945,-41.257011704312866
73.87827826905551,-39.50767544287256
71.40028011149536,-37.03038960567864
69.63476143421474,-35.05942696688698
58.69412236331676,-13.799485396019369
57.55866572463264,-7.989326766396897
60.74537019394976,20.224859431168078
62.24146527838174,23.682087724538448
63.953107821277925,26.965714432870143
64.88451279003334,28.539985187959967
65.36818798161687,29.310007070916125
76.57675887630658,-40.763605200941164
69.8927750200262,-33.91743053697035
68.79680225126747,-32.53506715793501
62.03224967708329,20.77225468204583
63.56099432828282,24.145541960421653
66.24198064671678,28.88658176691071
66.73080248281148,29.638383688151343
67.7421582177598,31.108808828545143
72.80109889280519,37.184706453233126
75.43208866258443,-38.54118362128134
73.00684899377592,-36.08507304285213
72.42237223399962,-35.445710327598235
71.84705978674423,-34.796026278268315
69.6419413859206,-32.092591328734166
62.96824596572466,20.44954761079258
64.47480127925948,23.782030423221375
68.60029154456998,30.677280021796452
69.6419413859206,32.092591328734166
70.178344238091,32.78428086586915
73.00684899377592,36.08507304285213
74.2024258363566,37.33319573818583
78.10249675906654,-39.80557109226519
76.21679604916491,-38.07278187399084
75.6042326857432,-37.47617956136137
74.4043009509531,-36.25383773744479
73.81734213584231,-35.62790729142092
72.11102550927978,-33.690067525979785
69.9714227381436,-30.96375653207352
68.96375859826666,-29.538782259558097
60.8276253029822,-9.462322208025617
60.13318551349163,-3.8140748342903543
64.25729530566937,20.973493421320804
65.79513659838392,24.22774531795417
69.9714227381436,30.96375653207352
74.4043009509531,36.25383773744479
82.80700453464067,-42.552951357676385
80.8084154033477,-40.985824304588974
76.40026177965623,-37.01988625483148
74.63243262818116,-35.180699361242105
72.94518489934754,-33.25436657471205
72.40165743959182,-32.59258147259926
71.8679344353238,-31.920876219933184
69.35416353759881,-28.412661443072583
68.8839603971781,-27.681061568485262
61.98386886924694,-10.222168633636125
61.204574992397426,-4.685899839502703
65.19202405202648,20.65891006330749
68.8839603971781,27.681061568485262
69.83552104767315,29.134292197226177
83.54639429682169,-42.08916217383224
74.88658090739622,-34.11447294534126
74.33034373659252,-33.47627829610267
73.78346698278686,-32.82854179141253
72.20110802473879,-30.82766229986804
69.31810730249349,-26.56505117707799
68.87670143089025,-25.82099197418928
66.48308055437865,21.161259816828277
67.62396025078685,23.532348560901013
71.19691004531025,29.445428729925595
72.71863585079137,31.504266719204193
77.20103626247513,36.573030978519334
77.80102827083971,37.164474893511446
82.3286098510111,-40.072890052350985
78.00640999302557,-36.13537661158921
76.84399781375251,-34.93093730111058
74.62573282722254,-32.41230661835121
73.06161783043132,-30.42578380196126
72.56031973468694,-29.74488129694222
69.35416353759881,-24.717440911083393
68.94200461257273,-23.962488974578186
67.4166151627327,20.854458039578347
67.77905281132217,21.644435140713995
68.94200461257273,23.962488974578186
69.35416353759881,24.717440911083393
72.069410986909,29.054604099077146
73.06161783043132,30.42578380196126
74.09453421137081,31.759480084812793
79.20227269466452,37.30394827798343
79.81227975693966,37.874983651098205
85.0411665018772,-41.18592516570965
83.09632964216891,-39.62900530446429
77.10382610480494,-33.89616656336391
74.94664769020693,-31.35708522400993
74.43117626371358,-30.699722550814414
73.92563831310488,-30.033280435995138
72.94518489934754,-28.673146489434995
72.47068372797375,-27.979474388480146
69.46221994724903,-22.873665190626713
68.70953354520753,-21.336859291805652
64.19501538281614,-4.467159061389273
69.07966415668217,22.109448343751673
74.43117626371358,30.699722550814414
77.10382610480494,33.89616656336391
77.6659513557904,34.5085229876684
82.61961026293939,-38.11827636936305
80.80222769206304,-36.44444175658711
77.93587107359485,-33.48616881551299
76.8505042273634,-32.24246783912333
74.30343195303969,-28.979707697928777
73.824115301167,-28.30075576600638
72.89718787443039,-26.916554616951345
72.44998274671983,-26.21137801783153
69.28924880528002,-20.265697470947504
68.9492567037528,-19.486129572465757
65.12296062065974,-3.521453376922238
68.9492567037528,19.486129572465757
69.6419413859206,21.037511025421818
83.40863264674707,-37.69424046668917
81.60882305241266,-36.02737338510361
77.17512552629896,-31.218402764346376
74.24284477308234,-27.25532837494307
73.79024325749306,-26.56505117707799
72.91776189653656,-25.159301916031655
72.49827584156743,-24.443954780416536
69.57010852370435,-18.43494882292201
68.96375859826666,-16.85839876773828
66.48308055437865,-6.911227119024681
69.26037828369117,17.650124219930124
69.57010852370435,18.43494882292201
72.09022125087424,23.720395572304596
72.91776189653656,25.159301916031655
73.348483283569,25.866356794094518
77.17512552629896,31.218402764346376
77.69813382572325,31.84905131905529
79.32212806020776,33.690067525979785
79.88116173416608,34.28687697720896
84.02380615040002,38.23382517744694
84.64632301523794,38.76551990445877
81.8413098624405,-35.049373312048395
80.7093550959243,-33.8869594640517
78.03204469959762,-30.837831944687245
77.52418977325722,-30.203237754942652
74.24957912338628,-25.529697990533045
73.824115301167,-24.8293465881496
73.00684899377592,-23.404689551032316
72.61542535852834,-22.680559607024918
72.2357252334328,-21.94869908352698
69.6419413859206,-15.832386620422204
69.12307863514182,-14.237280465761085
68.4470598345904,-11.802434207783548
67.36467917239716,-5.96448710125312
69.12307863514182,14.237280465761085
69.92138442565336,16.62075691389206
73.40980860893181,24.120983119442585
77.02596964660685,29.56035446468074
77.52418977325722,30.203237754942652
85.0,-36.86989764584402
83.81527307120105,-35.77607771789466
81.54140052758476,-33.495184673741186
77.89736837660179,-29.197486046064476
77.41446893184762,-28.55139187296019
74.32361670424818,-23.805943518457717
73.92563831310488,-23.096821918160842
72.80109889280519,-20.924501744921166
72.44998274671983,-20.18580300946485
69.85699678629192,-13.240519915187205
69.63476143421474,-12.43956201884655
69.2314957226839,10.823011226207099
69.85699678629192,13.240519915187205
72.44998274671983,20.18580300946485
79.40403012442127,31.08750532347998
79.92496481075234,31.701429669505718
84.0535543567314,-34.824489156956794
81.83520025025906,-32.524890287791045
80.77747210701756,-31.328692867804172
77.82673062643708,-27.5528115767178
77.3692445355388,-26.896236965493376
74.46475676452586,-22.087171603228345
74.09453421137081,-21.370622269343183
73.7360156233031,-20.646990824970366
73.05477397131553,-19.17900802581072
72.42237223399962,-17.684392026557745
69.1158447825099,-3.3177811683348435
69.35416353759881,5.792796495032159
70.03570517957252,9.865806943084367
73.05477397131553,19.17900802581072
73.7360156233031,20.646990824970366
77.3692445355388,26.896236965493376
77.82673062643708,27.5528115767178
84.0535543567314,34.824489156956794
84.62860036654276,35.38027220030115
84.87638069569178,-34.43898930880361
83.7615663654877,-33.31063082456081
81.6333265278342,-30.96375653207352
77.82030583337487,-25.906507999514385
77.38862965578342,-25.24052926478679
74.33034373659252,-19.65382405805331
73.68174807915459,-18.18904569965131
73.08214556237385,-16.69924423399362
72.53275122315436,-15.185837262201323
70.178344238091,-4.085616779974877
70.06425622241343,-2.4540316745270756
70.25667228100119,4.899092453787765
74.33034373659252,19.65382405805331
77.38862965578342,25.24052926478679
77.82030583337487,25.906507999514385
79.64923100695951,28.495638618244982
80.1311425102625,29.124053494777428
84.05950273467003,-32.366638064724995
81.98780397107853,-30.004920870824012
81.00617260431454,-28.779806304397212
77.87810988975015,-24.26129085247779
77.47257579298626,-23.587030525128238
74.33034373659252,-17.216073587790714
73.76313442364011,-15.732004785107302
73.24616030891995,-14.225963898751795
71.25307010929424,-4.830419958289941
71.11258679024411,-3.2245226065199075
77.07788269017254,22.90576965841719
77.87810988975015,24.26129085247779
79.60527620704548,26.886934192476716
80.06247560499239,27.525225743744333
84.05950273467003,32.366638064724995
84.59905436823747,32.9386905429555
84.90583018850944,-32.005383208083494
83.86298349093002,-30.8465874121486
81.41252974819048,-27.82409638425326
80.95060222135473,-27.19812794850912
78.0,-22.619864948040426
77.25283166331187,-21.25050550713324
74.46475676452586,-14.782726042615677
72.83543093852057,-8.686354581236651
72.3394774656273,-5.552971033036804
72.17340230306452,-3.972495940750659
72.56031973468694,7.125016348901798
77.25283166331187,21.25050550713324
77.62087348130012,21.93848046770647
79.62411694957753,25.27772223555295
80.05623023850174,25.924901507554456
84.21995013059554,-29.91364599153488
81.39410298049853,-26.250242369688888
80.95677859203639,-25.615484320642167
77.83315488916018,-20.297569772228687
77.1621668954417,-18.904575842611656
73.24616030891995,-4.69868051729944
73.43704787094863,6.254032743916468
73.68174807915459,7.800187884181699
77.1621668954417,18.904575842611656
77.83315488916018,20.297569772228687
79.7057087039567,23.670538484720456
80.11242100947892,24.32557523912611
84.21995013059554,29.91364599153488
84.72307831990054,30.499833233447433
85.0881895447306,-29.577838681261333
84.59905436823747,-28.988822521191544
81.43709228600933,-24.67686317033706
80.62257748298549,-23.385221057213755
77.79460135510689,-17.96913974015702
77.20103626247513,-16.557071375636653
74.54528824815154,-6.9343489012695585
74.33034373659252,-5.403791360249714
74.54528824815154,6.9343489012695585
76.92203845452875,15.843082117687011
77.79460135510689,17.96913974015702
79.84985911070852,22.06789956241022
80.23091673413684,22.729732079944693
84.11896337925236,28.393019421382995
84.59905436823747,28.988822521191544
85.0,-28.072486935852957
84.53401682163222,-27.474431626277134
81.15417426109393,-22.45693899994212
80.77747210701756,-21.80140948635181
77.88452991448301,-15.642246457208728
77.12976079309465,-13.495733280795811
76.90253571892151,12.771242564901442
77.62087348130012,14.931417178137554
79.71198153351854,19.798876354524932
80.4114419718985,21.13982480865766
84.07734534343957,26.869813087499065
84.53401682163222,27.474431626277134
84.970583144992,-26.56505117707799
84.52810183601665,-25.95876926156064
81.34494452638098,-20.885801460693038
80.65358020571685,-19.55825153699744
77.87810988975015,-12.608606793366237
76.94153624668537,-8.972626614896393
76.94153624668537,8.972626614896393
77.6659513557904,11.888658039627975
80.00624975587844,18.208484470580824
80.32434251209281,18.88608736970929
84.09518416651456,25.34617594194669
84.52810183601665,25.95876926156064
85.0,-25.057615418303023
84.17244204607586,-23.82426058289542
81.27115109311545,-18.657888474119535
80.65358020571685,-17.31164610884658
77.78174593052023,-8.13010235415598
77.78174593052023,8.13010235415598
80.0812087820857,15.945395900922854
80.65358020571685,17.31164610884658
84.17244204607586,23.82426058289542
84.581321815162,24.443954780416536
84.69356528095862,-22.932100437589785
84.30895563343196,-22.306205054907643
81.32035415564789,-16.4293014515334
80.77747210701756,-15.068488159492212
80.049984384758,12.994616791916505
80.77747210701756,15.068488159492212
83.93449827097318,21.674649119024142
84.69356528095862,22.932100437589785
84.86459803710851,-21.425293798087385
84.15461959987698,-20.157610894544817
81.49233092751734,-14.206766117760367
80.60397012554654,-11.449337988500032
80.23091673413684,10.049348588124873
80.8084154033477,12.144278049567005
84.15461959987698,20.157610894544817
84.50443775329198,20.794114955503648
84.75848040166836,-19.290046219188735
84.11896337925236,-18.00416160591338
81.39410298049853,-10.619655276155134
80.62257748298549,-7.125016348901798
80.30566605165541,5.000644597558433
81.04936767180853,9.229886243727718
84.11896337925236,18.00416160591338
84.75848040166836,19.290046219188735
84.77027781009096,-17.152421740211835
84.20213774008353,-15.851928154286954
81.49846624323675,-6.34019174590991
81.2219182240853,4.23639479905884
83.93449827097318,15.19524852681988
84.77027781009096,17.152421740211835
84.8999411071645,-15.018360631150669
83.95236744726142,-12.380756928807177
83.95236744726142,12.380756928807177
84.64632301523794,14.364582449697206
84.72307831990054,-11.5751888173962
83.86298349093002,-8.226722464108173
83.72574275573791,7.549421768263273
84.72307831990054,11.5751888173962
84.71717653463199,-7.460566126168351
84.5931439302264,6.788974574438791
